username;date;retweets;favorites;text;geo;mentions;hashtags;id;permalink
BeccasBugs;2019-05-10 19:52;0;4;"I loved volunteering with you!!!";;;;"1126998566260617216";https://twitter.com/BeccasBugs/status/1126998566260617216
gibsonkeylie;2019-05-10 19:10;2;14;"I have a whole new level of respect and admiration for those who host and organize scientific conferences. @ recomb2019 was hectic but great, especially being alongside @ BeccasBugs 24/7! # recomb2019 pic.twitter.com/4NCnGrWQN9";;@ @;#;"1126987788266680321";https://twitter.com/gibsonkeylie/status/1126987788266680321
giuliaguidi;2019-05-10 15:01;0;1;"@ LorenzoDiTucci";;@;;"1126925259376979968";https://twitter.com/giuliaguidi/status/1126925259376979968
recomb2019;2019-05-10 13:42;4;20;"Hope everyone enjoyed # recomb2019! Thank you for traveling to Washington, DC. We look forward to seeing you all again at # recomb2020, which will be in Italy during the first two weeks of May (exact 6-day period will be available later)!";;;# #;"1126905430322622467";https://twitter.com/recomb2019/status/1126905430322622467
recomb2019;2019-05-10 13:41;6;17;"Huge thanks to all the volunteers for the main # recomb2019 conference! Your assistance, enthusiasm, and humor helped to make RECOMB amazing! Hope to see all of you at future RECOMB conferences. pic.twitter.com/7LceMNwFTT";;;#;"1126904989383831555";https://twitter.com/recomb2019/status/1126904989383831555
recomb2019;2019-05-10 13:31;0;0;"Slides from the @ NSF and @ NIH panels at # recomb2019 are available online under the Materials page. https://recomb2019.org/materials/";;@ @;#;"1126902587503063041";https://twitter.com/recomb2019/status/1126902587503063041
recomb2019;2019-05-10 13:29;0;8;"Big thanks to all the chairs for # recomb2019: Mona Sighn, @ nomad421, Lenore Cowen, and all the PC committee members!";;@;#;"1126902212771368960";https://twitter.com/recomb2019/status/1126902212771368960
marko028;2019-05-10 10:43;1;3;"@ recomb2019 thanks for the wonderful learning experience. Here are some beautiful shots from the cruise! pic.twitter.com/G0DFjEUQhO";;@;;"1126860389940113408";https://twitter.com/marko028/status/1126860389940113408
martinjzhang;2019-05-09 16:32;0;0;"Thanks Gurkan!";;;;"1126585699921121280";https://twitter.com/martinjzhang/status/1126585699921121280
gbphd;2019-05-09 12:00;0;0;"Well deserved. I thought the presentation and work was great.";;;;"1126517329783926788";https://twitter.com/gbphd/status/1126517329783926788
chirgjain;2019-05-09 11:11;2;8;"Thanks @ recomb2019 (cc @ sanchit_misra )https://twitter.com/recomb2019/status/1126261153527734272 …";;@ @;;"1126504995728138242";https://twitter.com/chirgjain/status/1126504995728138242
jmuiuc;2019-05-08 23:56;1;32;"I was so happy to see @ EmilyEAckerman at # recomb2019. She was in my computational genomics class last year at CMU and she always had great questions. She was named one of the 45 HHMI Gilliam Fellows in the nation last year. She is amazing! https://twitter.com/EmilyEAckerman/status/1125479798070030336 …";;@;#;"1126335042412851200";https://twitter.com/jmuiuc/status/1126335042412851200
recomb2019;2019-05-08 19:10;0;2;"Congratulations to Rohit Singh, Jinbo Xu and Bonnie Berger for being the # recomb2019 test of time award winners! Their paper was the most influential paper published at RECOMB 2007 in Oakland, CA! pic.twitter.com/putLdCp8ju";;;#;"1126263072140746752";https://twitter.com/recomb2019/status/1126263072140746752
recomb2019;2019-05-08 19:06;1;3;"The # recomb2019 best paper award goes to Martin Zhang, Fei Xia and James Zou! Thanks @ SpringerNature for your support!pic.twitter.com/PsArautucu";;@;#;"1126262126023254018";https://twitter.com/recomb2019/status/1126262126023254018
recomb2019;2019-05-08 19:02;2;11;"A big congratulations to this year’s # recomb2019 best poster award winners @ chirgjain @ haowen_zhang @ AlexDilthey, Srinivas Aluru and Sanchit Misra! A special thanks to @ ComputationMDPI for sponsoring this award!pic.twitter.com/aV0RfrfuHm";;@ @ @ @;#;"1126261153527734272";https://twitter.com/recomb2019/status/1126261153527734272
johannhawe;2019-05-08 18:21;2;6;"Shout-out to the organizers and speakers of @ recomb2019 ! Great conference, interesting talks, fantastic people! Looking forward to a few more days in the US before heading home. # GWUpic.twitter.com/FYovLwNkbO";;@;#;"1126250690198876161";https://twitter.com/johannhawe/status/1126250690198876161
martinjzhang;2019-05-08 18:14;3;12;"Excited to share that our AdaFDR paper on covariate-adaptive multiple testing (https://www.biorxiv.org/content/10.1101/496372v1 …), joint work with @ xf1280 and Prof. James Zou, has won the best paper award at @ recomb2019 pic.twitter.com/z9DLDSjRJn";;@ @;;"1126249080013950976";https://twitter.com/martinjzhang/status/1126249080013950976
giuliaguidi;2019-05-08 16:48;2;12;"Flying back to @ UCBerkeley after # recomb2019. Thanks all for the interesting talks and for being such a great community! @ recomb2019 pic.twitter.com/2gikRLe6Fq";;@ @;#;"1126227439905067011";https://twitter.com/giuliaguidi/status/1126227439905067011
IndianaSam69;2019-05-08 16:02;1;3;"Really enjoying my first Recomb conference! Lots of wonderful speakers and algorithms. # recomb2019";;;#;"1126215832453951488";https://twitter.com/IndianaSam69/status/1126215832453951488
hajirasouliha;2019-05-08 16:00;1;2;"FM hints her presentation can turn into a dance party. # LastDance # recomb2019 # keynotepic.twitter.com/SYq1xUhQrU";;;# # #;"1126215385215320064";https://twitter.com/hajirasouliha/status/1126215385215320064
madhayhansen;2019-05-08 15:43;1;0;"“Picking the correct distance metric for your problem is important” Lodewijk Brand @ LodewijkBrand on drug resistance in HIV # recomb2019";;@;#;"1126211039727620102";https://twitter.com/madhayhansen/status/1126211039727620102
johannhawe;2019-05-08 15:23;0;1;"Great, thanks!";;;;"1126205931585511427";https://twitter.com/johannhawe/status/1126205931585511427
anthonygitter;2019-05-08 15:22;1;2;"My slides are online if anyone wants to see what they missed! https://doi.org/10.6084/m9.figshare.8094830 …";;;;"1126205828745314306";https://twitter.com/anthonygitter/status/1126205828745314306
madhayhansen;2019-05-08 15:01;1;0;"“Similarity is not enough” -Metin Balaban on phylogenetic placement # recomb2019";;;#;"1126200427291267072";https://twitter.com/madhayhansen/status/1126200427291267072
johannhawe;2019-05-08 14:47;2;6;"Work from @ VingronLab on a new take on graphical models allowing for non-linear associations between nodes using empirical distance covariance presented by Martin Vingron @ recomb2019 - going from N to N^2 - exciting work for all us # networkinference guys!";;@ @;#;"1126197053376401413";https://twitter.com/johannhawe/status/1126197053376401413
johannhawe;2019-05-08 14:13;0;0;"Another great talk @ recomb2019";;@;;"1126188306306355200";https://twitter.com/johannhawe/status/1126188306306355200
johannhawe;2019-05-08 13:54;1;1;"Temporal Pathway Synthesizer - extract sign directed networks from longitudinal protein phosphorylation data to study EGF signaling (and other pathways) - work presented by @ anthonygitter - @ recomb2019 # TPS # MassSpec";;@ @;# #;"1126183596589494272";https://twitter.com/johannhawe/status/1126183596589494272
ArangRhie;2019-05-08 12:49;0;3;"Great to see the Korean genome was useful :)";;;;"1126167163981762563";https://twitter.com/ArangRhie/status/1126167163981762563
DCGenomics;2019-05-08 12:31;1;1;"Hoping new friends I met at # recomb2019 will be interested!";;;#;"1126162823984369667";https://twitter.com/DCGenomics/status/1126162823984369667
recomb2019;2019-05-08 10:33;0;4;"# RECOMB2019 sends regards to @ UCLA_CGSI and continue supports the tradition of long receipts started at # CGSI2017 # RecombRiverCruisepic.twitter.com/hErFASGHN3";;@;# # #;"1126133132724453376";https://twitter.com/recomb2019/status/1126133132724453376
RachidOunit;2019-05-08 10:32;1;1;"Keynote speaker Mihai Pop, emphasizing the need for standards/definition still missing in # microbiome # studies and # metagenomics and the importance for # validation procedures, including (re-)testing, # analysis and # comparison of # experiments for # reproducibility at # recomb2019 pic.twitter.com/1o7HnnHMgj – bei Lisner Auditorium";;;# # # # # # # # #;"1126132829325230080";https://twitter.com/RachidOunit/status/1126132829325230080
anthonygitter;2019-05-08 10:31;6;11;"I uploaded the slides for my # RECOMB2019 highlights talk this afternoon about our paper "Synthesizing Signaling Pathways from Temporal Phosphoproteomic Data" Slides: https://doi.org/10.6084/m9.figshare.8094830 … Paper: https://doi.org/10.1016/j.celrep.2018.08.085 … Software:https://github.com/koksal/tps";;;#;"1126132577155407873";https://twitter.com/anthonygitter/status/1126132577155407873
RachidOunit;2019-05-08 10:24;1;5;"# Assembly in # metagenomics is (considerably) more difficult than in # genomics as # sequences from various organisms are in the data. # recomb2019 pic.twitter.com/i4Gs8sZXZK – bei Lisner Auditorium";;;# # # # #;"1126130783616405505";https://twitter.com/RachidOunit/status/1126130783616405505
hajirasouliha;2019-05-08 10:22;1;1;"David @ dcdanko summarizing Minerva in one slide. Read our full paper # OpenAccess in @ genomeresearch here: http://m.genome.cshlp.org/content/29/1/116.short … # recomb2019 pic.twitter.com/qvZ4Bofqql";;@ @;# #;"1126130267150790656";https://twitter.com/hajirasouliha/status/1126130267150790656
maxal6;2019-05-08 10:19;2;24;"The receipt from the bar at # RECOMB2019 cruise proves it was real fun. pic.twitter.com/dWdpiHa25A";;;#;"1126129593717489665";https://twitter.com/maxal6/status/1126129593717489665
RachidOunit;2019-05-08 10:13;2;3;"Keynote speaker Mihai Pop on # computational # challenges in # microbiome # studies nowadays. E.g. Even if a greedy # clustering is easy it is intractable given the size of the data, time-efficient methods are crucial. # recomb2019 # metagenomics # microbiome # sequencing # machinelearningpic.twitter.com/z0IToOiRaB – bei Lisner Auditorium";;;# # # # # # # # # #;"1126128077346623489";https://twitter.com/RachidOunit/status/1126128077346623489
hajirasouliha;2019-05-08 10:10;4;6;"David @ dcdanko describes Read Cloud Pigeonholing and our reference free solution for @ 10xGenomics linked reads as a highlight talk # recomb2019 pic.twitter.com/VsidNHxucH";;@ @;#;"1126127184794542080";https://twitter.com/hajirasouliha/status/1126127184794542080
nomad421;2019-05-08 10:04;4;5;"Highlight talk on "Minerva: An Alignment and Reference Free Approach to Deconvolve Linked-Reads for Metagenomics" by @ dcdanko # recomb2019 pic.twitter.com/IqC5iCBVz9";;@;#;"1126125622084939776";https://twitter.com/nomad421/status/1126125622084939776
AnatEtzionFuchs;2019-05-08 09:57;1;5;"Mihai Pop is discussing the future of metagenomics research, open questions in the field, and the importance of reproducible research # recomb2019 pic.twitter.com/LtfiCtQ8MZ";;;#;"1126123913652649987";https://twitter.com/AnatEtzionFuchs/status/1126123913652649987
ldoroud;2019-05-08 09:56;1;2;"For scientists interested and new to # microbiome, there are a lot that needs to be done — we need to have a concrete definition for a lot of microbiome terms and even more urgent is validation of tools so we can have reproducable results # RECOMB2019 pic.twitter.com/LbVDrBNqGp";;;# #;"1126123672434028546";https://twitter.com/ldoroud/status/1126123672434028546
AshleyMaeConard;2019-05-08 09:33;1;1;"Mihai Pop presents different modes of genome assembly problems. Fantastic talk # recomb2019 pic.twitter.com/NHB6KU7qqD";;;#;"1126117823422636032";https://twitter.com/AshleyMaeConard/status/1126117823422636032
ldoroud;2019-05-08 09:31;1;2;"It was the best of times, it was the worst of times, it was the age of # metagenomics # RECOMB2019 pic.twitter.com/hu4zKu9zSw";;;# #;"1126117342314991616";https://twitter.com/ldoroud/status/1126117342314991616
ldoroud;2019-05-08 09:26;2;0;"Mihai pop is talking about changes in gut # microbiome before and after receiving antibiotics # RECOMB2019 pic.twitter.com/WLvKEhyavP";;;# #;"1126116260532686848";https://twitter.com/ldoroud/status/1126116260532686848
hajirasouliha;2019-05-08 09:18;1;7;"MP: sometimes data is so huge that a simple polynomial greedy algorithm is not feasible. # recomb2019 pic.twitter.com/tBPVlhcAMs";;;#;"1126114210663026688";https://twitter.com/hajirasouliha/status/1126114210663026688
StevenSalzberg1;2019-05-08 09:10;2;13;"Wish I could be at Mihai Pop's # recomb2019 keynote but I'm at # BoG19 instead. I think this is the first time that these two conferences overlapped.https://twitter.com/nomad421/status/1126110074819289088 …";;;# #;"1126112124839845889";https://twitter.com/StevenSalzberg1/status/1126112124839845889
hajirasouliha;2019-05-08 09:07;4;8;"MP: you need to know where your data came from before starting the analysis. # 16s # wgs # recomb2019 pic.twitter.com/6dX0qwAFbj";;;# # #;"1126111364836151296";https://twitter.com/hajirasouliha/status/1126111364836151296
nomad421;2019-05-08 09:02;10;31;"Mihai Pop is kicking off the last day of # recomb2019 with his keynote on "Uncovering heterogeneity in microbial communities". pic.twitter.com/oIMJ9jK9N6";;;#;"1126110074819289088";https://twitter.com/nomad421/status/1126110074819289088
hajirasouliha;2019-05-08 08:09;5;16;"Great photo. Great community. Thanks # RebeccaSartoBasso for the photo and leading the walk! # recomb2019 pic.twitter.com/PXVC3FPbtZ";;;# #;"1126096686223433731";https://twitter.com/hajirasouliha/status/1126096686223433731
recomb2019;2019-05-07 21:42;4;8;"Many thanks to our awesome conference designer Chanson Benjamin! This is the face of our awesome graphics on our mugs, bags, pamphlets, and t-shirts:) # RECOMB2019 # RecombRiverCruisepic.twitter.com/6fCYp7AGll";;;# #;"1125938997426106368";https://twitter.com/recomb2019/status/1125938997426106368
recomb2019;2019-05-07 21:39;2;2;"John’s favorite thing about # RECOMB2019 is meeting all the new exciting and interesting people on the boat! # RecombRiverCruisepic.twitter.com/Twh5IQkaol";;;# #;"1125938305802092546";https://twitter.com/recomb2019/status/1125938305802092546
recomb2019;2019-05-07 21:29;0;11;"Michael Waterman’s fun fact is that he’s been to all but two RECOMB conferences! # recomb2019 # RecombRiverCruisepic.twitter.com/6OYKaRpoQy";;;# #;"1125935758647398400";https://twitter.com/recomb2019/status/1125935758647398400
recomb2019;2019-05-07 21:16;0;4;"We love having @ meleshko_da’s family join us for # RECOMB2019! # RecombRiverCruisepic.twitter.com/eSakDC7arl";;@;# #;"1125932501128622080";https://twitter.com/recomb2019/status/1125932501128622080
recomb2019;2019-05-07 20:35;0;5;"“I just love EVERYTHING about # RECOMB2019 and hope to make it next year!” # RecombRiverCruisepic.twitter.com/NLaKlVlI6i";;;# #;"1125922209766178816";https://twitter.com/recomb2019/status/1125922209766178816
recomb2019;2019-05-07 20:32;1;2;"@ HarshitSahay @ AshleyMaeConard and @ttrungq found out that they are all part of the same Bayesian tree through their academic lineages! # RECOMB2019 # RecombRiverCruisepic.twitter.com/vtb4jN8uSv";;@ @ @ttrungq;# #;"1125921424911294464";https://twitter.com/recomb2019/status/1125921424911294464
recomb2019;2019-05-07 20:31;3;7;"@ ZhenjiaWang’s favorite thing is the GW hippo! @ marvinquiet @ HarshitSahay’s loves that # RECOMB2019 is in the DC area so he can see all the great sites, and @ zangcz’s favorite thing is coming back to @ GWtweets! # RecombRiverCruisepic.twitter.com/zBfGARlMhe";;@ @ @ @ @;# #;"1125921033926713344";https://twitter.com/recomb2019/status/1125921033926713344
recomb2019;2019-05-07 20:24;0;2;"@ oliverdsnow’s favorite thing about # RECOMB2019 is Eytan Ruppin’s two gripping talks! Bonus fave - Georgetown Cupcakes, of course! # sweetsandscience # RecombRiverCruisepic.twitter.com/NGOeJEdICd";;@;# # #;"1125919482126524416";https://twitter.com/recomb2019/status/1125919482126524416
recomb2019;2019-05-07 20:22;0;2;"@ danfdeblasio’s favorite thing about # RECOMB2019 is all the great people! # RecombRiverCruisepic.twitter.com/vu0j9wMI9G";;@;# #;"1125918875210670082";https://twitter.com/recomb2019/status/1125918875210670082
recomb2019;2019-05-07 20:20;0;1;"Shahab Sarmashghi’s “just skim the genome, you don’t need high coverage. # controversial” # recomb2019 # RecombRiverCruisepic.twitter.com/mv8UMkZyGg";;;# # #;"1125918399815737344";https://twitter.com/recomb2019/status/1125918399815737344
recomb2019;2019-05-07 20:18;2;3;"“Long reads are cool.” - @ fenderglass’s fun fact about his research! # longreads # RECOMB2019 # RecombRiverCruisepic.twitter.com/9wCd9LUHU1";;@;# # #;"1125917811413520384";https://twitter.com/recomb2019/status/1125917811413520384
recomb2019;2019-05-07 20:16;2;1;"Favorite thing about # RECOMB2019 is “THIS CRUISE!” Cheers! # RecombRiverCruisepic.twitter.com/k5yCYGOHfX";;;# #;"1125917256800718850";https://twitter.com/recomb2019/status/1125917256800718850
recomb2019;2019-05-07 20:14;3;4;"Come see Lodewijk Brand’s talk over HIV antiretroviral treatment (ART) cross-resistance tomorrow afternoon! # recomb2019 # RecombRiverCruisepic.twitter.com/qoC8d7gDyi";;;# #;"1125916761700937728";https://twitter.com/recomb2019/status/1125916761700937728
recomb2019;2019-05-07 20:10;0;2;"“Favorite thing about # recomb2019 was the keynote talks, especially Rachel Kolodny!” - David # RecombRiverCruise";;;# #;"1125915822914985984";https://twitter.com/recomb2019/status/1125915822914985984
recomb2019;2019-05-07 20:07;0;1;"@ JTingjin @ Nusrat_epsi say the best things about # RECOMB2019 include well organized and well designed T-shirt & cups, being apart of volunteering, and amazing talks!! Don’t forget about the best cupcakes! # RecombRiverCruisepic.twitter.com/FMKUr6xGs8";;@ @;# #;"1125914999405330435";https://twitter.com/recomb2019/status/1125914999405330435
recomb2019;2019-05-07 20:04;5;5;"“The best thing about # recomb2019 is finding other snakemake enthusiasts” @ keller__mark @ KiranJavkarpic.twitter.com/OPjeVF5TiO";;@ @;#;"1125914252177543168";https://twitter.com/recomb2019/status/1125914252177543168
recomb2019;2019-05-07 20:00;3;9;"Scienctist can fun too! # RecombRiverCruise # RECOMB2019 pic.twitter.com/YKqOhQ9xFA";;;# #;"1125913268302823426";https://twitter.com/recomb2019/status/1125913268302823426
recomb2019;2019-05-07 19:57;1;6;"Come find @ gibsonkeylie and @ BeccasBugs and tell us your favorite part about # recomb2019 so far or a tweetable fact about your research during # RecombRiverCruisepic.twitter.com/mYb8LQH0YC";;@ @;# #;"1125912673760182272";https://twitter.com/recomb2019/status/1125912673760182272
danfdeblasio;2019-05-07 19:49;3;27;"I’m on a boat. # RECOMB2019 pic.twitter.com/NcnKYbsP2D";;;#;"1125910492269166592";https://twitter.com/danfdeblasio/status/1125910492269166592
recomb2019;2019-05-07 18:52;0;1;"10 minutes until we depart! # RecombRiverCruise # RECOMB2019 pic.twitter.com/2Mh2mdLM4M";;;# #;"1125896310186442756";https://twitter.com/recomb2019/status/1125896310186442756
madhayhansen;2019-05-07 16:41;3;5;"Working towards reference-free transcriptome reconstruction with isONclust. Cool stuff from Kristoffer Sahlin @ krsahlin # recomb2019";;@;#;"1125863292302516224";https://twitter.com/madhayhansen/status/1125863292302516224
traingene;2019-05-07 16:10;7;15;"Fatemah Almodaresi just gave great talk on: “An Efficient and Scalable Representation of High-Dimensional Color Information Enabled via de Bruijn Graph Search”. Scales up to thousands of samples via new min spanning tree color representation: https://link.springer.com/chapter/10.1007/978-3-030-17083-7_1 … # recomb2019";;;#;"1125855361125294081";https://twitter.com/traingene/status/1125855361125294081
nomad421;2019-05-07 15:51;9;54;"Fatemeh ( @ fataltes) presenting our work on compressing color information in the colored de Bruijn Graph at # RECOMB2019 (work with @ prashn_25)!pic.twitter.com/ZwMfe0fOiS";;@ @;#;"1125850759403311109";https://twitter.com/nomad421/status/1125850759403311109
krsahlin;2019-05-07 15:31;2;1;"Why reference free? Because 1. many genomes do not have a reference assembly 2. some gene families are not well represented in model organisms -- we keep finding novel genomic and perhaps transcriptomic sequences (poster and talk at # recomb2019 by Rachel Sherman et al)";;;#;"1125845563054940162";https://twitter.com/krsahlin/status/1125845563054940162
krsahlin;2019-05-07 15:31;12;18;"I will be giving a talk about clustering long transcriptomic reads into gene families in the next # recomb2019 sequencing track (https://link.springer.com/chapter/10.1007/978-3-030-17083-7_14 …)";;;#;"1125845561175941125";https://twitter.com/krsahlin/status/1125845561175941125
johannhawe;2019-05-07 15:16;2;6;"Cool: Philipp Benner from @ VingronLab presents his hidden Markov model @ recomb2019 for identifying genome-wide chromatin states and capturing spatial distributions of chromatin patterns - HMM still seem to be popular in Genome Organization research (see # phyloHMRF before) # modHMM";;@ @;# #;"1125841744279556097";https://twitter.com/johannhawe/status/1125841744279556097
jmuiuc;2019-05-07 15:12;4;46;"Yang Yang in my group did fantastic job presenting her paper at # RECOMB2019. I’m immensely proud of her work! @ CMUCompBio @ recomb2019 @ SCSatCMUpic.twitter.com/BjJjIhG5OA";;@ @ @;#;"1125840782282448898";https://twitter.com/jmuiuc/status/1125840782282448898
recomb2019;2019-05-07 14:56;0;0;"Additionally, volunteers will be leaving at 5/10 minute increments between 5:10 and 5:45 to help participants travel from Lisner to Spirit of Mt Vernon. # RECOMB2019";;;#;"1125836863242211332";https://twitter.com/recomb2019/status/1125836863242211332
recomb2019;2019-05-07 14:55;0;0;"If you are planning on taking the metro to get to the social event at Spirit of Mt Vernon, here are two options for taking the metro from Foggy Bottom to there. A metro card is needed to ride. There are paper copies of these directions at the registration desk! # RECOMB2019 pic.twitter.com/9ztccH0HJR";;;#;"1125836594685071360";https://twitter.com/recomb2019/status/1125836594685071360
johannhawe;2019-05-07 14:48;1;0;"How to compare Hi-C contact maps on a continuous scale across species? Maybe use a phylogenetic HMRF model to infer evolutionary patters from HiC matrices - work presented by Yang Yang from Carnegie Mellon University @ recomb2019 preprint: https://www.biorxiv.org/content/10.1101/552505v1 … # phyloHMRF";;@;#;"1125834731172581377";https://twitter.com/johannhawe/status/1125834731172581377
johannhawe;2019-05-07 14:40;1;1;"Rui Quiao from University of Waterloo reports his work on de-novo peptide sequencing from data independent acquisition MS data using Deep Neural Networks - identify novel and low abundance peptides using # DeepNovo @ recomb2019 : https://www.nature.com/articles/s41592-018-0260-3 …";;@;#;"1125832801658523648";https://twitter.com/johannhawe/status/1125832801658523648
hajirasouliha;2019-05-07 14:40;4;20;"Missing @ calkan_cs and @ DavisCompGen and other Cenk’s current and former lab members # recomb2019 hopefully in # recomb2020 in Italy!pic.twitter.com/GD8HuZVXhj";;@ @;# #;"1125832770029273088";https://twitter.com/hajirasouliha/status/1125832770029273088
RachidOunit;2019-05-07 12:01;1;1;"Special Panel Session on # Genomic # Privacy # recomb2019. “The individual should be at the center of the # control of their # data.” @ cdbustamante As “with great power comes great responsability”, companies should be ready to face “regulations” & “fines” when they do not meet them.pic.twitter.com/lkbWvEa71u – bei Lisner Auditorium";;@;# # # # #;"1125792750547423232";https://twitter.com/RachidOunit/status/1125792750547423232
iScience_CP;2019-05-07 11:45;1;0;"@ cdbustamante : “For younger generations, the data stream they generate is the most valuable asset they have. They deserve control over it” @ recomb2019 # RECOMB19 pic.twitter.com/HewHwTrwkI";;@ @;#;"1125788869721559040";https://twitter.com/iScience_CP/status/1125788869721559040
iScience_CP;2019-05-07 11:34;2;0;"Panel on # privacyingenomics @ recomb2019 # recomb2019 with Bonnie Berger, Itsik Pe’er, Carlos Bustamante, Cenk Sahinalp pic.twitter.com/rcOhiVbM2B";;@;# #;"1125786089959108613";https://twitter.com/iScience_CP/status/1125786089959108613
recomb2019;2019-05-07 11:33;0;1;"The next # recomb2019 event is Special Panel Session on Genomic Privacy pic.twitter.com/7bUxPBrffV";;;#;"1125785702162206720";https://twitter.com/recomb2019/status/1125785702162206720
madhayhansen;2019-05-07 10:52;0;0;"Secret sharing has applications to drug discovery using private pharmacological data. Hyunghoon Cho @ Hoon_Cho # recomb2019";;@;#;"1125775444647792640";https://twitter.com/madhayhansen/status/1125775444647792640
RachidOunit;2019-05-07 10:40;1;2;"Two speakers presenting their work at # recomb2019 is a sign of an important topic! Kockan and Zhu describe how multiple institutions can share human genomic data in a secure and privacy-preserving manner. # VCF # privacyingenomics # SNP # analysis # intel # SGX # data # genomicmedicinepic.twitter.com/k89aDLsBmf – bei Lisner Auditorium";;;# # # # # # # # #;"1125772517069729793";https://twitter.com/RachidOunit/status/1125772517069729793
ldoroud;2019-05-07 10:16;1;0;"With the rate of the coverage and DNA uploads in 3rd party websites, in future, this will be the case for any open database # RECOMB2019 pic.twitter.com/OmYAAjrDis";;;#;"1125766375329402880";https://twitter.com/ldoroud/status/1125766375329402880
ldoroud;2019-05-07 10:14;3;2;"Itsik Pe’er: What is the probability of finding a relative in a genomics database like myheritage? 60% of European-descent customers have a 3rd cousin found by IBD matching # RECOMB2019 pic.twitter.com/iCLuFH0AZ1";;;#;"1125765821660372992";https://twitter.com/ldoroud/status/1125765821660372992
iScience_CP;2019-05-07 09:59;2;2;"@ cdbustamante : “Academia is the alternative career. We should tell our students that” # RECOMB2019 pic.twitter.com/qIvvLEQSZ2";;@;#;"1125762085890215936";https://twitter.com/iScience_CP/status/1125762085890215936
dcdanko;2019-05-07 09:54;1;1;"Methods are tactical, data is strategic. @ cdbustamante on the new era of precision medicine @ recomb2019.";;@ @;;"1125760895999774720";https://twitter.com/dcdanko/status/1125760895999774720
johannhawe;2019-05-07 09:46;1;1;"@ cdbustamante talking about problems in effectively delivering health care to the patient and 'data being the new oil' for tech companies @ recomb2019 - inspiring key-note and refreshing take on big data in health care! # gwu # health # PatientCare # fh";;@ @;# # # #;"1125758753784119298";https://twitter.com/johannhawe/status/1125758753784119298
madhayhansen;2019-05-07 09:43;1;2;"Health data is already on our phones - so how we want that data to be used? Carlos Bustamante # recomb2019";;;#;"1125758071303806976";https://twitter.com/madhayhansen/status/1125758071303806976
ldoroud;2019-05-07 09:40;3;5;"“Data is the new toxic waste. If you let it leak, you’re in trouble! “ @ cdbustamante # RECOMB2019";;@;#;"1125757227195883520";https://twitter.com/ldoroud/status/1125757227195883520
madhayhansen;2019-05-07 09:33;2;0;"“Effective heath care delivery is a data supply chain problem” Carlos Bustamante on PCSK9 inhibitors and precision medicine # recomb2019";;;#;"1125755578381426689";https://twitter.com/madhayhansen/status/1125755578381426689
ldoroud;2019-05-07 09:20;2;3;"Carlos bustamante @ cdbustamante: to give you an idea how the genomics is scaling up, in 2018, Illumina sequenced/genotyped 10 times more data as Netflix did with its catalogue # RECOMB2019";;@;#;"1125752207872335872";https://twitter.com/ldoroud/status/1125752207872335872
hajirasouliha;2019-05-07 09:18;4;9;"CB: last year @ illumina produced 10 times more data than Netflix catalog. @ cdbustamante # recomb2019";;@ @;#;"1125751845572493315";https://twitter.com/hajirasouliha/status/1125751845572493315
hajirasouliha;2019-05-07 09:16;5;18;""We still have very little representation of non-Europeans in the genomes of the world" says @ cdbustamante at # RECOMB2019. I recall clearly he was also a recomb keynote at # recomb2009 in Arizona (10 years ago!) where he showed his famous PCA plot. I asked this question back then!";;@;# #;"1125751234357604352";https://twitter.com/hajirasouliha/status/1125751234357604352
ldoroud;2019-05-07 09:16;1;1;"Carlos Bustamante @ cdbustamante is sharing his vision to get genomic-based health care cheaper, better and faster and talks about what needs to be done # RECOMB2019 pic.twitter.com/aTyWIkO7ay";;@;#;"1125751190417965058";https://twitter.com/ldoroud/status/1125751190417965058
leogrina;2019-05-07 09:10;0;2;"What an honor! # RECOMB2019 # redshoeshttps://twitter.com/recomb2019/status/1125410383169302528 …";;;# #;"1125749846630117377";https://twitter.com/leogrina/status/1125749846630117377
ldoroud;2019-05-07 09:10;2;1;"Carlos Bustamante @ cdbustamante : The future of health is going to be in consumer-patient # RECOMB2019 pic.twitter.com/rU485KViR3";;@;#;"1125749757706686464";https://twitter.com/ldoroud/status/1125749757706686464
PeterPnrobinson;2019-05-07 08:03;4;4;"Mike Brudno presents a cool new method for ontology based textmining at # RECOMB2019 @ hp_ontologypic.twitter.com/pismLLSwqE";;@;#;"1125732846021300224";https://twitter.com/PeterPnrobinson/status/1125732846021300224
pierre_marijon;2019-05-07 04:33;0;0;"I hope to be present too because it would mean that my research will have progressed well in less than a years.";;;;"1125679951372529664";https://twitter.com/pierre_marijon/status/1125679951372529664
baizalla;2019-05-07 01:44;1;2;"Everywhere is # MachineLearning now";;;#;"1125637560053583872";https://twitter.com/baizalla/status/1125637560053583872
aydoz;2019-05-06 22:59;4;15;"Late night k-mer alignment attempts @ giuliaguidi @ prashn_25 @ fenderglass # recomb2019 pic.twitter.com/dsQnmHXKT4";;@ @ @;#;"1125595914826080262";https://twitter.com/aydoz/status/1125595914826080262
leogrina;2019-05-06 20:05;4;13;"Presenting our poster now at RECOMB! Our alg. # SAKEIMA approximates frequent k-mers with random sampling # recomb2019 # statisticallearning w. Cinzia Pizzi and @ vandinfa. Getting ready for the full presentation on Wednesday.pic.twitter.com/UvPYEtZtli";;@;# # #;"1125552144889909249";https://twitter.com/leogrina/status/1125552144889909249
ldoroud;2019-05-06 19:46;1;7;"Best part of the conference is when you finally get a chance to hang out with people and learn about what they do # recomb2019 pic.twitter.com/ZZSOmtkhrj";;;#;"1125547365203628032";https://twitter.com/ldoroud/status/1125547365203628032
RachidOunit;2019-05-06 19:27;3;1;"“I am not looking for a world where my privacy has no meaning.” @ cenksahinalp # privacy in # metagenomics # recomb2019 # bioinformatics # CloudComputing – bei Marvin Center Grand Ballroom";;@;# # # # #;"1125542727494586368";https://twitter.com/RachidOunit/status/1125542727494586368
RachidOunit;2019-05-06 19:23;1;0;"DNA # shotgun # sequencing can produce a tremendous amount of data from clinical samples. Accurate, precise, fast, scalable and secure methods are needed for analyzing these data. Come check out my poster 83 presenting some # research work on # privacy in # metagenomics. # recomb2019 – bei Marvin Center Grand Ballroom";;;# # # # # #;"1125541688410353664";https://twitter.com/RachidOunit/status/1125541688410353664
recomb2019;2019-05-06 19:16;3;14;"Building off of previous # RECOMB2019 presentations, @ cobyviner is using NOMe-seq data to build temporal graphs of dna accessibility! Cool! @ michaelhoffmanpic.twitter.com/MsCF81RuaE";;@ @;#;"1125539960227028993";https://twitter.com/recomb2019/status/1125539960227028993
recomb2019;2019-05-06 19:07;0;2;"Some awesome research with fun names coming out of the ITMAT bioinformatics liqueur cabinet! Come hear about RNAseq isoform quantification, circadian rhythms, gene/transcript expression and a RNAseq simulator! # RECOMB2019 pic.twitter.com/xx8j1gYzxD";;;#;"1125537627694870529";https://twitter.com/recomb2019/status/1125537627694870529
samsungilkim;2019-05-06 19:02;3;4;"Presenting my recent work connecting gene networks and heritability at # RECOMB2019 Stop by poster #38 if interested! pic.twitter.com/rT53x86Rw9";;;# #38;"1125536322683396097";https://twitter.com/samsungilkim/status/1125536322683396097
recomb2019;2019-05-06 18:58;0;4;"Some intricate discussions going on at the # recomb2019 poster session pic.twitter.com/tNLPGGZjH5";;;#;"1125535273583087616";https://twitter.com/recomb2019/status/1125535273583087616
ridgeley;2019-05-06 18:57;0;1;"Woohoo! Superstar.";;;;"1125534978488422401";https://twitter.com/ridgeley/status/1125534978488422401
adam_thrash;2019-05-06 18:56;0;0;"Today is my first day at @ recomb2019 and seeing the enthusiasm and excitement about bioinformatics has been wonderful.";;@;;"1125534856841256960";https://twitter.com/adam_thrash/status/1125534856841256960
IndianaSam69;2019-05-06 18:41;0;0;"One of my favorite talks so far!";;;;"1125531160451395584";https://twitter.com/IndianaSam69/status/1125531160451395584
teachMcClean;2019-05-06 18:13;0;2;"Beautiful charts!";;;;"1125523977772781568";https://twitter.com/teachMcClean/status/1125523977772781568
ivycorona;2019-05-06 18:02;3;14;"Representing @ lawrensonlab at @ recomb2019 # recomb # RECOMB19 # RECOMB2019 thanks @ AndrewlinB for amazing enhancer KO!!pic.twitter.com/gDL8J4BTSF";;@ @ @;# # #;"1125521175117955072";https://twitter.com/ivycorona/status/1125521175117955072
AnatEtzionFuchs;2019-05-06 17:37;2;11;"If you want to hear more about my work with Mona Singh - ML framework for predicting protein binding positions, stop by poster #50! # RECOMB2019 pic.twitter.com/s4S3umZLvB";;;#50 #;"1125514978331635713";https://twitter.com/AnatEtzionFuchs/status/1125514978331635713
AnatEtzionFuchs;2019-05-06 17:26;1;5;"Today keynotes of # RECOMB2019 by Eytan Ruppin and Rachel Kolodny (Israel is on the map!) Fascinating talks about synthetic lethality and its uses in precision medicine (Ruppin) and about redundancy in the protein space, and relating protein evolution to function (Kolodny) pic.twitter.com/GDgXyKVk4C";;;#;"1125512096156930048";https://twitter.com/AnatEtzionFuchs/status/1125512096156930048
ldoroud;2019-05-06 17:25;1;2;"Michael Brudno: for annotations and identifying clinical terms, instead of learning the emdedding of the term, we can use a hierarchical embedding approach and look at how much value each term adds. This works well for T-SNE # RECOMB2019 pic.twitter.com/Is7W0wO6jl";;;#;"1125511864740405248";https://twitter.com/ldoroud/status/1125511864740405248
ldoroud;2019-05-06 17:18;1;3;"Michael Brudno is talking about ontologies and how we can use NLP techniques like word embeddings to identify clinical terms in texts # RECOMB2019";;;#;"1125510074997334017";https://twitter.com/ldoroud/status/1125510074997334017
ldoroud;2019-05-06 17:15;1;1;"Yet another scientist (Aryan Arbabi) who couldn’t come to the conference for his talk due to visa issues # RECOMB2019";;;#;"1125509357855281157";https://twitter.com/ldoroud/status/1125509357855281157
recomb2019;2019-05-06 17:10;1;7;"There will be a reception tonight during the poster session at Marvin Center Grand Ballroom (3rd floor). Drinks will also be served, so bring your red drink tickets! See you there! # RECOMB2019";;;#;"1125508057780367360";https://twitter.com/recomb2019/status/1125508057780367360
immuno_systems;2019-05-06 16:53;1;6;"@ EmilyEAckerman bringing her academic awesomeness to # DC # RECOMB2019 Now just waiting for the # posterparty!pic.twitter.com/JuokO33sHg";;@;# # #;"1125503996913909762";https://twitter.com/immuno_systems/status/1125503996913909762
recomb2019;2019-05-06 16:04;0;1;"Thank you all for all your volunteer help and participation in # RECOMB2019!";;;#;"1125491506654138369";https://twitter.com/recomb2019/status/1125491506654138369
SamanthaLWilson;2019-05-06 15:42;0;1;"I matched my dress to my slides for my defense! Amazing nails!";;;;"1125486105023922176";https://twitter.com/SamanthaLWilson/status/1125486105023922176
FordVersyptLab;2019-05-06 15:37;0;1;"Ha! Those shoes are great, too. Enjoy your poster session!";;;;"1125484699642736647";https://twitter.com/FordVersyptLab/status/1125484699642736647
hajirasouliha;2019-05-06 15:33;2;20;"The best lunches are the ones we eat with friends # RECOMB2019 pic.twitter.com/VNJ6eWgfxh";;;#;"1125483834307416069";https://twitter.com/hajirasouliha/status/1125483834307416069
recomb2019;2019-05-06 15:30;3;10;"Don’t forget to have your sweet breaks amongst your science! @ BeccasBugs @ pavel_avdeyev # RECOMB2019 # sweetsandsciencepic.twitter.com/o0GjFkuz62";;@ @;# #;"1125483092729389056";https://twitter.com/recomb2019/status/1125483092729389056
thesteinegger;2019-05-06 15:25;1;3;"@ jinboxu_chicago presents their # deeplearning based protein structure prediction, outperforming # alphafold on hard long # casp13 targets. # recomb2019 pic.twitter.com/cROl7kJSCw";;@;# # # #;"1125481630842392577";https://twitter.com/thesteinegger/status/1125481630842392577
EmilyEAckerman;2019-05-06 15:17;2;67;"Which came first, the poster or the nails? My subconscious has once again solidified my personal brand of matching my science. Stop by from 6 to 8 to chat about influenza-host networks # RECOMB2019 # womeninsciencepic.twitter.com/FT6vMGgDPT";;;# #;"1125479798070030336";https://twitter.com/EmilyEAckerman/status/1125479798070030336
iScience_CP;2019-05-06 15:13;1;0;"Terrific talk by @ jinboxu_chicago on # DeepLearning in # proteinfolding. The level of progress obtained in the past two years on this hard problem is impressive # RECOMB2019 pic.twitter.com/dVY9oOqPzn";;@;# # #;"1125478631235563520";https://twitter.com/iScience_CP/status/1125478631235563520
jasonnfan;2019-05-06 15:06;1;7;"@ maxleiserson Research Group is out in force at # RECOMB2019! Glad to be serving the community as a team! pic.twitter.com/EO1DhGGzen";;@;#;"1125477060334563328";https://twitter.com/jasonnfan/status/1125477060334563328
gibsonkeylie;2019-05-06 15:05;1;7;"Come mingle and make collaborations over more delicious Georgetown Cupcakes! We have chocolate^2, vanilla^2, salted caramel, and fudge brownie cheesecake cupcakes today! # RECOMB2019 @ recomb2019 # sweetsandsciencepic.twitter.com/VdrkVT9Dms";;@;# #;"1125476709359337478";https://twitter.com/gibsonkeylie/status/1125476709359337478
recomb2019;2019-05-06 15:03;0;3;"Come mingle and try out DC’s unique Georgetown Cupcakes at 3:30 in Lisner Auditorium! # RECOMB2019 # sweetsandsciencepic.twitter.com/WVQ3Lu33Uu";;;# #;"1125476270018572291";https://twitter.com/recomb2019/status/1125476270018572291
iScience_CP;2019-05-06 14:10;0;3;"Or in pretty much any other area of science. That said, don’t treat it like a black box: you won’t like what comes out of the box.";;;;"1125462934266707968";https://twitter.com/iScience_CP/status/1125462934266707968
thesteinegger;2019-05-06 13:56;4;13;"Protein graphs transitions from disconnected to fully connected by just small changes in the clustering criteria. Talk by Rachel Kolodny # recomb2019 pic.twitter.com/Bnp1ZBPs7r";;;#;"1125459348543692800";https://twitter.com/thesteinegger/status/1125459348543692800
recomb2019;2019-05-06 13:51;0;5;"The poser session location (Marvin Center Grand Ballroom, 3rd floor) is ready and waiting for you to hang up your poster! # RECOMB2019 pic.twitter.com/BBPhUlAbhW";;;#;"1125457956122894336";https://twitter.com/recomb2019/status/1125457956122894336
vigocarpathian;2019-05-06 12:11;1;2;"# Recomb2019 has been outstanding so far. I should never miss this meeting";;;#;"1125433010428497920";https://twitter.com/vigocarpathian/status/1125433010428497920
evan_cofer;2019-05-06 11:35;4;12;"If you're at # RECOMB2019 and want to learn more about Selene, come to poster 141 and chat w/ @ kathyxchen & mehttps://twitter.com/evan_cofer/status/1112438901631791105 …";;@;#;"1125423830959382529";https://twitter.com/evan_cofer/status/1125423830959382529
dcdanko;2019-05-06 11:30;1;7;"Geometric sketches and plaid coverings for principled unbiased sub sampling. Brian He and the Berger lab once again demonstrate their keen ability to bring clarity to complex problems at @ recomb2019. https://doi.org/10.1101/536730 @ MITCSAIL";;@ @;;"1125422610999848960";https://twitter.com/dcdanko/status/1125422610999848960
recomb2019;2019-05-06 10:43;0;0;"Thank you to @ iscb for your continual and unwavering support of RECOMB! # RECOMB2019";;@;#;"1125410686656495616";https://twitter.com/recomb2019/status/1125410686656495616
recomb2019;2019-05-06 10:41;0;5;"Also a HUGE congratulations to these @ iscb Travel Fellowship recipients! Honored to have you all participate in # RECOMB2019! Thanks to ISCB for your gracious contribution to support these young scientists! pic.twitter.com/EeUjaSG0Yv";;@;#;"1125410383169302528";https://twitter.com/recomb2019/status/1125410383169302528
recomb2019;2019-05-06 10:35;0;5;"HUGE congrats to all the receipents of the @ NSF Travel Fellowship Awards! The future of computational biology is bright with all your minds contributing to this conference. Another huge thanks to NSF for providing these fellowships and supporting young scientists! # RECOMB2019 pic.twitter.com/qUrUE36nQQ";;@;#;"1125408693955244032";https://twitter.com/recomb2019/status/1125408693955244032
hasibaasma;2019-05-06 10:31;1;5;"Can't emphasise enough the importance of # MachineLearning in # bioinformatics. Most of the research talks at @ recomb2019 are 90% about it!";;@;# #;"1125407729303080960";https://twitter.com/hasibaasma/status/1125407729303080960
iScience_CP;2019-05-06 09:17;1;1;"Pipeline for precision medicine, exploiting synthetic lethality genes, by Eytan Ruppin # RECOMB2019 pic.twitter.com/n758JJG485";;;#;"1125389189774753793";https://twitter.com/iScience_CP/status/1125389189774753793
recomb2019;2019-05-06 09:04;0;0;"Welcome @ traingene! Glad you were able to make it in time for a great talk by @ rshermanjhu! # RECOMB2019 https://twitter.com/traingene/status/1125066469740617736 …";;@ @;#;"1125385963776151554";https://twitter.com/recomb2019/status/1125385963776151554
recomb2019;2019-05-06 08:59;0;3;"Yuuum! Don’t forget there’s more cupcakes coming today at the coffee break! # RECOMB2019 https://twitter.com/gibsonkeylie/status/1124773041328803841 …";;;#;"1125384573003673601";https://twitter.com/recomb2019/status/1125384573003673601
recomb2019;2019-05-06 08:58;1;3;"Don't miss todays sugar dose! Enjoy the famous Georgetown cupcakes, only at @ recomb2019! pic.twitter.com/nwOQ2pdQc5";;@;;"1125384395144167424";https://twitter.com/recomb2019/status/1125384395144167424
recomb2019;2019-05-06 08:55;0;3;"How interesting! Loving all the fun facts at the conference this year! @ aphillippy # RECOMB2019 https://twitter.com/BeccasBugs/status/1124672919945338880 …";;@;#;"1125383606187233280";https://twitter.com/recomb2019/status/1125383606187233280
GonzaParra_;2019-05-06 08:15;0;3;"So many famuliar faces in one pic! @ thesteinegger and @ danfdeblasio! Cheer for me! Bioinformatics is such a small world! :P";;@ @;;"1125373452947460096";https://twitter.com/GonzaParra_/status/1125373452947460096
TechnicalVault;2019-05-06 04:43;0;0;"Looks like awesome work. I’m curious how much of this would map to the decoy sequences? I’m aware quite at bit of the SGDP sequence ended up in there. Short of the next major release of GRCh we may want to add these as decoys too.";;;;"1125320290253398018";https://twitter.com/TechnicalVault/status/1125320290253398018
drseb_;2019-05-06 03:47;0;0;"Used for what?";;;;"1125306107776438272";https://twitter.com/drseb_/status/1125306107776438272
manoliskellis;2019-05-06 02:30;11;25;"Great meeting many trainees at # RECOMB2019 Our lab at @ MIT and @ BroadInstitute is looking for talented computational postdocs to lead large-scale # genomics projects. Please apply here http://compbio.mit.edu/positions.html and send me an email! :-) Lots of new projects: http://compbio.mit.edu/funding.html https://twitter.com/AnatEtzionFuchs/status/1125240128836972545 …";;@ @;# #;"1125286712119369733";https://twitter.com/manoliskellis/status/1125286712119369733
ldoroud;2019-05-06 02:10;0;1;"2 am and I’m still awake writing this tweet I hate myself, coffee, jetlag and this hotel suit I wish I could sleep right now for # RECOMB2019 tomorrow... ( https://youtu.be/xdRHSuPxgXo )";;;#;"1125281751377510400";https://twitter.com/ldoroud/status/1125281751377510400
AnatEtzionFuchs;2019-05-05 23:25;2;11;"Great conversations are happening at # RECOMB2019! And I finally got to meet @ manoliskellis and hear about the interesting work his lab is doing on # SingleCell # Alzheimers disease amongst so many other domains.pic.twitter.com/HObVlk2o6D";;@;# # #;"1125240128836972545";https://twitter.com/AnatEtzionFuchs/status/1125240128836972545
AnatEtzionFuchs;2019-05-05 20:29;1;2;"Opening # RECOMB2019 with a fascinating talk by @ Alfons_Valencia about disease comorbidities. Who would have thought that having Alzheimer's disease would decrease the chances of having lung cancer?!pic.twitter.com/hUnTtSyOUu";;@;#;"1125195849422778368";https://twitter.com/AnatEtzionFuchs/status/1125195849422778368
iScience_CP;2019-05-05 18:47;2;4;"Ernesto Andrianantoandro showcasing @ CellSystemsCP partnership with @ recomb2019 to bring to readers the top computational biology papers. Fast. # RECOMB2019 pic.twitter.com/Im3QhVEfsc";;@ @;#;"1125170070450331648";https://twitter.com/iScience_CP/status/1125170070450331648
iScience_CP;2019-05-05 18:34;1;0;"@ NSF @ recomb2019 travel awards: the next generation of great computational biologists # Recomb2019 pic.twitter.com/CZfuxT96qm";;@ @;#;"1125166890060603394";https://twitter.com/iScience_CP/status/1125166890060603394
ldoroud;2019-05-05 17:12;1;1;"Using overlaps as a metric for calculating correlation, etc, ( to compare their p-values ) we can not always assume independence # RECOMB2019 pic.twitter.com/hv4l9KJqMU";;;#;"1125146262091829251";https://twitter.com/ldoroud/status/1125146262091829251
ldoroud;2019-05-05 17:09;1;0;"Shahab Sarmashghi is talking about how you can compare two rare events and their p-values # RECOMB2019 pic.twitter.com/LY4oM3pOz9";;;#;"1125145463441821696";https://twitter.com/ldoroud/status/1125145463441821696
iScience_CP;2019-05-05 17:00;1;0;"Powerful Covariate-Adaptive multiple hypotheses testing through AdaFDR # Recomb2019";;;#;"1125143171791503361";https://twitter.com/iScience_CP/status/1125143171791503361
hajirasouliha;2019-05-05 16:59;3;73;"Finally got to meet my academic grandpa and he got to see his great great academic son! # RECOMB2019 # fourgenerationspic.twitter.com/U42LapEdOO";;;# #;"1125142876579618816";https://twitter.com/hajirasouliha/status/1125142876579618816
iScience_CP;2019-05-05 16:25;2;1;"# Recomb2019 variability in methylation: known knowns, unknowns unknowns, and in-betweens pic.twitter.com/MxZMoLPpw0";;;#;"1125134378881945600";https://twitter.com/iScience_CP/status/1125134378881945600
iScience_CP;2019-05-05 15:53;3;3;"The advantages of FOCS: enhancer and gene activity patterns infers an extensive enhancer–promoter map # Recomb2019 pic.twitter.com/om8fprFeEe";;;#;"1125126370131099649";https://twitter.com/iScience_CP/status/1125126370131099649
MarkGerstein;2019-05-05 15:09;2;8;"At # Recomb2019, Sason presents multinomial mixture model for determining cancer mutational signatures. Does better than conventional NMF. Also, it’s “sticky” since each signature has a heightened chance to remain the same in terms of hidden variables";;;#;"1125115204696776705";https://twitter.com/MarkGerstein/status/1125115204696776705
gibsonkeylie;2019-05-05 15:05;1;2;"You know you wanna make some s’mores friends and collaborations over sweets at @ recomb2019! # sweetsandscience # RECOMB2019 pic.twitter.com/OAmo749HVj";;@;# #;"1125114436031791104";https://twitter.com/gibsonkeylie/status/1125114436031791104
johannhawe;2019-05-05 14:30;3;6;"Martin Vingron ( @ VingronLab) talks about # randomforests, # enhancer predictions and enhancer # dynamics @ recomb2019 sounds interesting? might want to check out # crup preprint athttps://www.biorxiv.org/content/10.1101/501601v1.article-info …";;@ @;# # # #;"1125105538524643329";https://twitter.com/johannhawe/status/1125105538524643329
StevenSalzberg1;2019-05-05 12:44;0;3;"well done Rachel! @ rshermanjhu";;@;;"1125078849295978499";https://twitter.com/StevenSalzberg1/status/1125078849295978499
AnshuB;2019-05-05 12:17;0;0;"How should we report SNPs then? Whats the latest happening to report variations?";;;;"1125072087733792770";https://twitter.com/AnshuB/status/1125072087733792770
gibsonkeylie;2019-05-05 12:14;2;2;"Hey @ recomb2019 attendees! If any of you want off the beaten path restaurant/coffee shop recommendations, tweet at me or @ BeccasBugs! See you all back for Martin Vingron’s talk at 1:45! # RECOMB2019";;@ @;#;"1125071262261362688";https://twitter.com/gibsonkeylie/status/1125071262261362688
nomad421;2019-05-05 12:12;7;49;"Amazing talk by @ rshermanjhu at # RECOMB2019 on her work on on assembly of a pan-genome, finding a large amount of sequence not represented in the human reference. Very exciting work (w @ StevenSalzberg1, and many others whom I will now try to find to follow on Twitter :))!";;@ @;#;"1125070662878547970";https://twitter.com/nomad421/status/1125070662878547970
hajirasouliha;2019-05-05 12:09;1;8;"The pan-genome is still open. We need more methods / sequenced genomes to assemble novel sequences. # recomb2019 pic.twitter.com/r0e4BynS2f";;;#;"1125070036903837696";https://twitter.com/hajirasouliha/status/1125070036903837696
MarkGerstein;2019-05-05 12:09;8;13;"In the # Recomb2019 Q&A, @ RShermanJHU argues that the linear increase suggests that graph genomes will prove unwieldy and that we should instead have multiple linear reference genomes CC @ StevenSalzberg1";;@ @;#;"1125069969480462339";https://twitter.com/MarkGerstein/status/1125069969480462339
dcdanko;2019-05-05 12:04;6;26;"Dr. Sherman’s excellent presentation on the human pangenome reminds us of the incredible diversity of the human genome. Unmapped reads very likely represent novel diversity. https://www.nature.com/articles/s41588-018-0273-y … @ StevenSalzberg1 Lab @ recomb2019";;@ @;;"1125068737139421185";https://twitter.com/dcdanko/status/1125068737139421185
johannhawe;2019-05-05 12:04;2;5;"Hunting for the missing reference - @ rshermanjhu from @ StevenSalzberg1's lab talking about her work on why unaligned sequences in human sequencing studies are worth looking at # RECOMB2019";;@ @;#;"1125068711981920257";https://twitter.com/johannhawe/status/1125068711981920257
gibsonkeylie;2019-05-05 12:02;7;10;"It will be good to keep in mind that there’s a lot that we’re missing and there’s probably a lot that we’re going to continue to miss as we study the human genome until our sampling expands a lot. - @ rshermanjhu # RECOMB2019 pic.twitter.com/9DCldjMazd";;@;#;"1125068368086745090";https://twitter.com/gibsonkeylie/status/1125068368086745090
MarkGerstein;2019-05-05 12:02;6;11;"At # Recomb2019, @ RShermanJHU ends with the note that the “pan-genome is still open” - ie there’s seemingly a linear increase in number of new non-ref. sequences with number of individuals sub-sampled from the CAAPA cohort";;@;#;"1125068358389571585";https://twitter.com/MarkGerstein/status/1125068358389571585
iScience_CP;2019-05-05 12:01;1;1;"By the way,this was exquisite work by @ rshermanjhu @ StevenSalzberg1 # RECOMB2019";;@ @;#;"1125067996802760705";https://twitter.com/iScience_CP/status/1125067996802760705
ldoroud;2019-05-05 11:59;1;1;"Rachel Sherman @ rshermanjhu: It seems like reference genomes do not have systematic bias for any particular population and rather are not representing any populations fully . There are reads that don’t align to reference from all diverse populations. # RECOMB2019";;@;#;"1125067423139401729";https://twitter.com/ldoroud/status/1125067423139401729
RachidOunit;2019-05-05 11:57;6;10;"A significant amount of human genomic information is lost/missed because of references sequences that are incomplete or representing poorly the human genetic diversity. Sherman et al studied them using assembly with # deepsequencing. # recomb2019 # humangenome # pangenome # africanpic.twitter.com/Pv9hUO613l – bei Lisner Auditorium";;;# # # # #;"1125067095673376771";https://twitter.com/RachidOunit/status/1125067095673376771
iScience_CP;2019-05-05 11:57;0;0;"The reference genome does not describe any ethnicity well. Too many missing bits # recomb2019";;;#;"1125066972104884226";https://twitter.com/iScience_CP/status/1125066972104884226
traingene;2019-05-05 11:55;3;8;"Finally made it to # recomb2019, and fortunately arrived just in time for a highlight talk I was really looking forward to: Rachel Sherman talking now about "Assembly of a pan-genome from deep sequencing of 910 humans of African descent". publication: https://www.ncbi.nlm.nih.gov/pubmed/30455414";;;#;"1125066469740617736";https://twitter.com/traingene/status/1125066469740617736
gibsonkeylie;2019-05-05 11:55;8;28;"296.5 Mb non-human genome reference insertion sequences were found from 910 humans of African descent. The longest contig was 152,806 kb & found in many samples. 42,207 contigs aligned to the Chinese or Korean genomes! @ recomb2019 # RECOMB2019 pic.twitter.com/FgQVcL5hOQ";;@;#;"1125066463239442433";https://twitter.com/gibsonkeylie/status/1125066463239442433
ldoroud;2019-05-05 11:53;0;2;"Rachel Sherman @ rshermanjhu is giving one of the best talks so far at # RECOMB2019 Interesting question, great story telling and nice slides!";;@;#;"1125066042370293760";https://twitter.com/ldoroud/status/1125066042370293760
ldoroud;2019-05-05 11:50;4;7;"Roughly 10% of the data from sequences are not being represented in the reference genomes and thus are ignored. Are these insertions functional? A lot of them are not only common but also in exon regions... # RECOMB2019 pic.twitter.com/riykGSE6YO";;;#;"1125065332849299456";https://twitter.com/ldoroud/status/1125065332849299456
ldoroud;2019-05-05 11:47;1;0;"Rachel Sherman @ rshermanjhu talking about identifying sequences that don’t align using WGS data from african-descent population # RECOMB2019 pic.twitter.com/6leDaQ4xYf";;@;#;"1125064408026230786";https://twitter.com/ldoroud/status/1125064408026230786
iScience_CP;2019-05-05 11:43;0;5;"Reference genome largely represents a SINGLE genome. Diversity representation? L # recomb2019";;;#;"1125063574186074112";https://twitter.com/iScience_CP/status/1125063574186074112
gibsonkeylie;2019-05-05 11:43;2;6;"# til that the human genome reference is mostly comprised of a single individual from mixed ancestry. # RECOMB2019 @ recomb2019";;@;# #;"1125063435933425667";https://twitter.com/gibsonkeylie/status/1125063435933425667
DCGenomics;2019-05-05 11:42;2;3;"Using Salmonella Genomes from GenomeTrakr as a benchmark a new mapper (bigbwt) # RECOMB2019 pic.twitter.com/BzKxDkEgIo";;;#;"1125063272133214208";https://twitter.com/DCGenomics/status/1125063272133214208
ldoroud;2019-05-05 11:40;0;1;"Using prefix-free parsing to compress repetitive strings (so smaller suffix array construction, etc) — anyone knows how the dictionary is created in the first place though? # RECOMB2019 pic.twitter.com/YRvJ3Q4gdQ";;;#;"1125062813993639936";https://twitter.com/ldoroud/status/1125062813993639936
ldoroud;2019-05-05 11:32;8;8;"Alan Kuhnle is talking about r-index and how it solves the challenges with suffix arrays and FM index specially for strings with a lot of repetetive characters # RECOMB2019 pic.twitter.com/a0SLeg5xki";;;#;"1125060598675517440";https://twitter.com/ldoroud/status/1125060598675517440
hajirasouliha;2019-05-05 11:27;1;21;"Good to see the genome sequencing cost slide for the 87th time at a talk (yes I do keep track) # recomb2019 pic.twitter.com/aavrCmCe3K";;;#;"1125059400882970626";https://twitter.com/hajirasouliha/status/1125059400882970626
dcdanko;2019-05-05 10:51;0;1;"Improve your trait predictions using BioBank-scale genetic correlations with population specific moments. Thanks Dr. Yue Wu! https://doi.org/10.1101/525055 @SriramSankarar1 Lab @ recomb2019";;@SriramSankarar1 @;;"1125050279773315072";https://twitter.com/dcdanko/status/1125050279773315072
samsungilkim;2019-05-05 10:43;2;3;"Very lucid talk on "Interpretable deep learning modeling embedding gene regulatory network" by @ MarkGoldstein # RECOMB2019 (ref: Wang et al. 2018 Science) https://twitter.com/MarkGerstein/status/1124814223152955394 …";;@;#;"1125048333544960001";https://twitter.com/samsungilkim/status/1125048333544960001
ldoroud;2019-05-05 10:39;0;1;"It’s sad to see only ~500 attendees at # recomb2019 when similar # ML conferences attract thousands ...";;;# #;"1125047282188083200";https://twitter.com/ldoroud/status/1125047282188083200
dcdanko;2019-05-05 10:33;1;1;"Modular linear models will help us reach the long tail of SNP heritability in sublinear time. Great talk by Dr. Ali Pazokitoroudi! @SriramSankarar1 @ recomb2019 # recomb2019";;@SriramSankarar1 @;#;"1125045957131939841";https://twitter.com/dcdanko/status/1125045957131939841
PeterPnrobinson;2019-05-05 10:33;0;3;"@ hp_ontology in keynote talk of @ recomb2019 pic.twitter.com/PVQBljMpHM";;@ @;;"1125045813976211463";https://twitter.com/PeterPnrobinson/status/1125045813976211463
ldoroud;2019-05-05 10:31;3;6;"Using Hutchinson’s estimator, we can use matrix-vector multiplications instead of matrix-matrix multiplications for heritability studies (biobank) and thus speed up our computations # recomb2019 pic.twitter.com/pD9zOuLDiX";;;#;"1125045457619755009";https://twitter.com/ldoroud/status/1125045457619755009
ldoroud;2019-05-05 10:26;1;3;"Ali Pazoki talking about heritability, how to calculate it and what are important parameters. For instance chromosome number is important for heritability of blood pressure # recomb2019";;;#;"1125044046303584256";https://twitter.com/ldoroud/status/1125044046303584256
johannhawe;2019-05-05 10:19;2;8;"Great talk by @ MarkGerstein about generating interpretable deep learning models (DSPNs) by embedding gene regularly networks in the neural ones! (also: nice adult brain data resource!) # PsychENCODE # RECOMB2019";;@;# #;"1125042454993014785";https://twitter.com/johannhawe/status/1125042454993014785
hajirasouliha;2019-05-05 10:19;0;4;"Next is SNP heritability estimation by Ali from the infamous @ UCLA crew! # recomb2019 pic.twitter.com/0a595VP9o5 – bei Lisner Auditorium";;@;#;"1125042407400202240";https://twitter.com/hajirasouliha/status/1125042407400202240
dcdanko;2019-05-05 10:19;0;0;"@ recomb2019";;@;;"1125042285740220417";https://twitter.com/dcdanko/status/1125042285740220417
dcdanko;2019-05-05 10:18;0;0;"@ recomb2019";;@;;"1125042197944991744";https://twitter.com/dcdanko/status/1125042197944991744
dcdanko;2019-05-05 10:16;2;5;"Wish you had more datatypes for your subjects? Deep Structured Phenotype Networks impute missing transcriptomic data for high quality, interpretable, prediction of psychiatric disorders. @ MarkGerstein # RECOMB2019";;@;#;"1125041688198746115";https://twitter.com/dcdanko/status/1125041688198746115
ldoroud;2019-05-05 10:12;2;4;"Using deep learning models you can sometimes get a slight improvement over PRS — what happens if we try to impute the transcriptome so we compare apples to apples? @ MarkGerstein # recomb2019 pic.twitter.com/M9JubQoIF7";;@;#;"1125040617829146625";https://twitter.com/ldoroud/status/1125040617829146625
ldoroud;2019-05-05 10:08;1;1;"How to use a deep learning model to use genotypes and gene regulatory networks to predict phenotypes # recomb2019 @ MarkGersteinpic.twitter.com/5c7u5XLTS1";;@;#;"1125039601947639809";https://twitter.com/ldoroud/status/1125039601947639809
ldoroud;2019-05-05 10:05;2;1;"Mark Gerstein @ MarkGerstein : A lot of the psychiatric conditions are highly heritable and thus genomics can help us understand these diseases more compared to cardiovascular diseases # recomb2019 pic.twitter.com/29sISTidme";;@;#;"1125038744204206081";https://twitter.com/ldoroud/status/1125038744204206081
RachidOunit;2019-05-05 09:50;4;11;"# recomb2019 just started with @ Alfons_Valencia as 1st keynote speaker: Understanding # comorbidity using models based on gene expression profiles and network of diseases # moleculardata # medicalrecords # diseases # disorder # drugs # bioinformatics # network # clustering # classificationpic.twitter.com/wSyrysvkge – bei Lisner Auditorium";;@;# # # # # # # # # # #;"1125034937642618880";https://twitter.com/RachidOunit/status/1125034937642618880
johannhawe;2019-05-05 09:40;4;4;"@ Alfons_Valencia kicking off the main conference # RECOMB2019 with his key-note on digital twins, stratified comorbidity networks and that having one disease can decrease chances of having another (e.g. AD & lung cancer) # precisionmedicine # networks # comorbidity";;@;# # # #;"1125032627482890241";https://twitter.com/johannhawe/status/1125032627482890241
ldoroud;2019-05-05 09:40;1;1;"An example of disease relationships... In a GWAS study, anti correlations of asthma/allergies and pancreatic cancer were observed # recomb2019 pic.twitter.com/7eRO3SOOaG – bei Lisner Auditorium";;;#;"1125032625381548032";https://twitter.com/ldoroud/status/1125032625381548032
iScience_CP;2019-05-05 09:36;4;2;"Tackling co-morbidities by supercomputer: why does person with schizophrenia have lower chance of lung cancer? @ Alfons_Valencia @ recomb2019 pic.twitter.com/juN3MbgqLa";;@ @;;"1125031629968281602";https://twitter.com/iScience_CP/status/1125031629968281602
MarkGerstein;2019-05-05 09:34;1;2;"Inverse comorbidity for schizophrenia & lung cancer particularly surprising since SCZ individuals smoke more! # Recomb2019 # Recomb19 @ Alfons_Valencia";;@;# #;"1125031034385567746";https://twitter.com/MarkGerstein/status/1125031034385567746
ldoroud;2019-05-05 09:32;5;10;"Some diseases are anti-correlated. People with schizophrenia have lower chance of getting lung cancer. Networks can help us find these type of relationships # RECOMB19 # recomb2019 pic.twitter.com/SgfKcgVs8E";;;# #;"1125030500463202305";https://twitter.com/ldoroud/status/1125030500463202305
MarkGerstein;2019-05-05 09:28;2;19;"At # Recomb2019, @ Alfons_Valencia (working in the most beautiful supercomputing facility in the world!) describes his work on comorbidity & networks, using medical records ( @ recomb2019). Finds some diseases that are anti-correlated.";;@ @;#;"1125029596473307136";https://twitter.com/MarkGerstein/status/1125029596473307136
gibsonkeylie;2019-05-05 09:27;8;13;"@ Alfons_Valencia speaking about correlations with comorbidities and gene expression studied with publicly available data. Another example of the importance of making your data available to all! # RECOMB2019 @ recomb2019 pic.twitter.com/p53Tt3AM2N";;@ @;#;"1125029172177453056";https://twitter.com/gibsonkeylie/status/1125029172177453056
dcdanko;2019-05-05 09:26;2;9;"Will we use ‘digital twins’ to predict patient outcomes before giving medical interventions? If Prof. Valencia and @ BSC_CNS have their way it could happen sooner than we’d expect. # RECOMB2019 pic.twitter.com/dcjz0ERSMJ";;@;#;"1125028952102309889";https://twitter.com/dcdanko/status/1125028952102309889
gibsonkeylie;2019-05-05 09:05;3;6;"Excited to see all of you at @ recomb2019 today at the main conference! Come see @ Alfons_Valencia open up the conference with a talk over disease comorbidities. # RECOMB2019 pic.twitter.com/5BZFPJHThB";;@ @;#;"1125023646593036288";https://twitter.com/gibsonkeylie/status/1125023646593036288
ldoroud;2019-05-05 09:03;0;2;"Wanna network/hang out? # RECOMB19 pic.twitter.com/U2Wh43aPdu";;;#;"1125023110690951170";https://twitter.com/ldoroud/status/1125023110690951170
recomb2019;2019-05-05 08:11;0;1;"Welcome to @ recomb2019! Please remember to download our official app for schedules, social events, and last minute updates. Enjoy the conference! https://whova.com/portal/rcmb_201904/?source=download_page …";;@;;"1125010089893605376";https://twitter.com/recomb2019/status/1125010089893605376
manoliskellis;2019-05-05 07:55;4;19;"Excited to chair the # RegulatoryGenomics session at # RECOMB2019 tonight, with: FOCS @ tomAhait https://genomebiology.biomedcentral.com/articles/10.1186/s13059-018-1432-2 … @ GenomeBiology MethCP @ BoyingGong @ ElizabethPurdom http://dx.doi.org/10.1101/265116 @ bioRxivPreprint CONFINED @ halperineran https://doi.org/10.1101/521146 @ bioRxiv_genomicpic.twitter.com/OdZaKLLOI6";;@ @ @ @ @ @ @;# #;"1125006088192053248";https://twitter.com/manoliskellis/status/1125006088192053248
DCGenomics;2019-05-05 00:00;1;4;"# RECOMB2019 throwback to the 70s! @ kellrott @ Sagebiopic.twitter.com/nlcIbGzFQw";;@ @;#;"1124886524905103360";https://twitter.com/DCGenomics/status/1124886524905103360
prolog9;2019-05-04 21:58;0;0;"Awesome!";;;;"1124855748582752258";https://twitter.com/prolog9/status/1124855748582752258
MarkGerstein;2019-05-04 19:13;7;43;"Posting my "highlights talk" tomorrow in Washington, DC at # RECOMB2019 ( # RECOMB19) http://Lectures.gersteinlab.org/summary/Interpretable-deep-learning-model--20190505-i0recomb19 … Focuses on interpretable deep-learning modelspic.twitter.com/r7D5voCaWd";;;# #;"1124814223152955394";https://twitter.com/MarkGerstein/status/1124814223152955394
nomad421;2019-05-04 18:55;3;81;"I guess I'm lucky that I found my room! # RECOMB2019 pic.twitter.com/mCBJvUaEbu";;;#;"1124809750456283136";https://twitter.com/nomad421/status/1124809750456283136
BeccasBugs;2019-05-04 17:36;9;18;"Thanks to these awesome @ recomb2019 volunteers for helping to make the satellite sessions a success! # RECOMB2019 @ gibsonkeylie @ pavel_avdeyev @ danfdeblasio @ JTingjin @ KiranJavkar @RickettsCamirpic.twitter.com/fIF11LfsMZ";;@ @ @ @ @ @ @RickettsCamirpic;#;"1124790018269224960";https://twitter.com/BeccasBugs/status/1124790018269224960
hajirasouliha;2019-05-04 17:08;1;15;"Just arrived at the union station. Looking forward to the # recomb2019 meeting (my 7th recomb) pic.twitter.com/HKAiQT8lEF – bei Union Station";;;#;"1124782834688897025";https://twitter.com/hajirasouliha/status/1124782834688897025
gibsonkeylie;2019-05-04 16:29;1;5;"What better combination is there than sweets & science? Maybe peanut butter and fudge or chocolate and vanilla cupcakes? Come try them all at @ recomb2019 # RECOMB2019 pic.twitter.com/kCZRZJ3ISI";;@;#;"1124773041328803841";https://twitter.com/gibsonkeylie/status/1124773041328803841
iScience_CP;2019-05-04 16:09;0;1;"This is not your grandpa’s minimizer @ recomb2019 @ RECOMBseqpic.twitter.com/tVkvqGcRKT";;@ @;;"1124768046588018688";https://twitter.com/iScience_CP/status/1124768046588018688
DCGenomics;2019-05-04 15:34;0;2;"Ken Lau from @ VUMChealth talking about biofilm involvement in tumors! @ recomb2019 pic.twitter.com/HNoAF22fpp";;@ @;;"1124759290521239558";https://twitter.com/DCGenomics/status/1124759290521239558
BeccasBugs;2019-05-04 15:21;1;3;"# recomb2019";;;#;"1124755895760642051";https://twitter.com/BeccasBugs/status/1124755895760642051
BeccasBugs;2019-05-04 15:19;1;4;"Key lime pie, salted caramel, peanut butter fudge, and chocolate and vanilla cupcakes from Georgetown Cupcakes waiting for you at @ recomb2019 sweets and science go well together!! pic.twitter.com/gKsCoLsPHA";;@;;"1124755416318185472";https://twitter.com/BeccasBugs/status/1124755416318185472
StevenSalzberg1;2019-05-04 15:07;0;8;"some serious computational chops here (not to mention the literal chopstix)";;;;"1124752439570305024";https://twitter.com/StevenSalzberg1/status/1124752439570305024
DushyantSBaghel;2019-05-04 14:50;0;0;"what a line up!";;;;"1124748258322944000";https://twitter.com/DushyantSBaghel/status/1124748258322944000
johannhawe;2019-05-04 14:37;1;2;"Fantastically entertaining and informative key-note by Eytan Ruppin @ recomb2019 about lunch time ideas and CRISPR induced selection for p53 deficient cells (and other topics) # crispr # p53 # recomb2019 # recombccb2019";;@;# # # #;"1124744944080576513";https://twitter.com/johannhawe/status/1124744944080576513
Alfons_Valencia;2019-05-04 14:15;0;4;"Keynote in the cancer genetics satellite of @ recomb2019 by Eytan Ruppin @ theNCI First part on @ crispr specific differential gene essentiality wrt to TP53 status - genes with essentiality is associated to TP53 mutation status- CDE CRISPR Differential Essential = possible targets";;@ @ @;;"1124739296332865542";https://twitter.com/Alfons_Valencia/status/1124739296332865542
NCIDataSci;2019-05-04 13:00;3;11;"Today @ recomb2019 DREAM Workshop, # NCICBIIT's Dr. Allen Dearry will discuss the development, current role, and future of @ theNCI’s Cancer Research Data Commons. Learn more about the presentations at http://bit.ly/2XZxiBR . Stay updated on # NCICommons at https://datascience.cancer.gov/data-commons .pic.twitter.com/KBJHNW8Eto";;@ @;# #;"1124720385482735616";https://twitter.com/NCIDataSci/status/1124720385482735616
sentieon;2019-05-04 12:12;2;5;"Thank you @ precisionFDA NCI-CPTAC Multi-omics Enabled Sample Mislabeling Correction Challenge organizers for the award! # recomb2019 pic.twitter.com/YNC9hIo4Zc";;@;#;"1124708386363277312";https://twitter.com/sentieon/status/1124708386363277312
sentieon;2019-05-04 12:10;3;6;"Renke Pan presenting our method for @ precisionFDA NCI-CPTAC Multi-omics Enabled Sample Mislabeling Correction Challenge # RECOMB2019 pic.twitter.com/k1cHQZWxTt";;@;#;"1124707950243852288";https://twitter.com/sentieon/status/1124707950243852288
byu_sam;2019-05-04 11:07;1;16;"Graduating students presenting at # recomb2019 # cancer # CPTACpic.twitter.com/6BHxH2xQPo";;;# # #;"1124691967865249792";https://twitter.com/byu_sam/status/1124691967865249792
BeccasBugs;2019-05-04 10:27;2;2;"Didn’t realize there was still so much work to be done on the human genome. Apparently there are still a lot of gaps and repeat regions that need assembly work. Great talk by @ aphillippy @ recomb2019 pic.twitter.com/jo5KNxEVV7";;@ @;;"1124681865741443072";https://twitter.com/BeccasBugs/status/1124681865741443072
gibsonkeylie;2019-05-04 10:06;2;3;"Those satellite regions will really get ya when the reads are shorter than the repeats. Working towards a more complete and accurate human genome reference with the use of @ nanopore and >1 Mbp read lengths. @ aphillippy @ recomb2019 pic.twitter.com/XPNdmA2MB4";;@ @ @;;"1124676632562819072";https://twitter.com/gibsonkeylie/status/1124676632562819072
gibsonkeylie;2019-05-04 09:53;4;7;"Did you know that bat genomes are less repetitive, marmosets are genetic chimeras, and platypuses have 10 sex chromosomes? The fun, yet complex art of genome assembly spearheaded by the @ genomeark, which plans on sequencing all 66,000 extant species. @ aphillippy @ recomb2019 pic.twitter.com/RxDoe1HWxm";;@ @ @;;"1124673518736687104";https://twitter.com/gibsonkeylie/status/1124673518736687104
hyojungpaik;2019-05-04 09:52;1;4;"Here, I would present our story soon at # recomb2019. It' about integration of EHRs and geomics for precision medicine! https://twitter.com/hyojungpaik/status/1124086431083745280 …";;;#;"1124673171586727936";https://twitter.com/hyojungpaik/status/1124673171586727936
BeccasBugs;2019-05-04 09:51;1;7;"# til lampreys delete part of their genomes as they mature! @ aphillippy @ recomb2019 # RECOMB2019 pic.twitter.com/HjqRcb2Gfh";;@ @;# #;"1124672919945338880";https://twitter.com/BeccasBugs/status/1124672919945338880
BeccasBugs;2019-05-04 09:34;2;1;"Happy 40th anniversary genome assembly! Looking forward a talk by @ aphillippy at @ recomb2019 pic.twitter.com/uQYbYfu7pj";;@ @;;"1124668554022932485";https://twitter.com/BeccasBugs/status/1124668554022932485
kellrott;2019-05-04 09:29;0;2;"Giving a talk today about SMC-RNA at DREAM @ recomb2019 https://dream.recomb2019.org";;@;;"1124667278216314884";https://twitter.com/kellrott/status/1124667278216314884
johannhawe;2019-05-04 09:22;1;1;"Renke Pan from @ sentieon giving a nice talk on how they tackled the @ precisionFDA NCI-CPTAC Multi-omics Enabled Sample Mislabeling Correction Challenge using ensemble learning - nice! # RECOMB2019";;@ @;#;"1124665553904394240";https://twitter.com/johannhawe/status/1124665553904394240
johannhawe;2019-05-04 08:54;2;8;"First day (for me) of # RECOMB2019 today at GWU! Starting with Satellites on # genetics and # DREAM-challengespic.twitter.com/QKj4fAbhGL";;;# # #;"1124658637497143296";https://twitter.com/johannhawe/status/1124658637497143296
darrrnit;2019-05-04 00:50;0;1;"Hey Dan, it will be a pleasure get wasted drawing conferences with u! Looking forward for that moment! Cheers";;;;"1124536851820314624";https://twitter.com/darrrnit/status/1124536851820314624
danfdeblasio;2019-05-03 22:52;0;2;"Im in. I bet several other (current and former) members of @ ckingsford’s group will join as well.";;@;;"1124507112145600512";https://twitter.com/danfdeblasio/status/1124507112145600512
nomad421;2019-05-03 22:44;0;1;"Let's catch (>= 1) beer when i get in!";;;;"1124505057054142469";https://twitter.com/nomad421/status/1124505057054142469
danfdeblasio;2019-05-03 22:38;0;7;"Sitting at a bar u DuPont Circle:”I think that’s @ DCGenomics That would be random”. Serval beers later I’m finally on my way home, and @ recomb2019 hasn’t even officially started yet.";;@ @;;"1124503647767887873";https://twitter.com/danfdeblasio/status/1124503647767887873
lkoesper;2019-05-03 18:46;2;16;"Turns out the @ CarletonCollege comp bio lab group attending @ recomb2019 matches a figure in one of our posters! Also, a big congrats to Zach DiNardo '21 and @ kiran_tomlinson '19 who gave a great presentation today (on work in collaboration with another Carl, @ anna_m_ritz '06)!pic.twitter.com/NLgQwYRa1d";;@ @ @ @;;"1124445145238208512";https://twitter.com/lkoesper/status/1124445145238208512
peng_illinois;2019-05-03 17:09;1;0;"Yunan will present our work on meta-learning for protein binding prediction when labeled data is very limited, @ recomb2019, Monday, May 6, 2:30pm. The paper can be found at https://www.biorxiv.org/content/10.1101/519413v1 …";;@;;"1124420780236988417";https://twitter.com/peng_illinois/status/1124420780236988417
ArcadiNavarro;2019-05-03 17:04;0;1;"Yup! Life is indeed beautiful! Congrats on enjoying it!";;;;"1124419508205182977";https://twitter.com/ArcadiNavarro/status/1124419508205182977
Alfons_Valencia;2019-05-03 16:51;1;14;"On the road to @ recomb2019 https://recomb2019.org Looking forward to satellites tomorrow - always difficult to decide which one to go. (Long trip- so time to prepare talks, referee papers and correct a PhD thesis - isn’t life beautiful?)";;@;;"1124416094729572352";https://twitter.com/Alfons_Valencia/status/1124416094729572352
recomb2019;2019-05-03 15:29;0;0;"Hungry? Check our @ recomb2019 app for daily restaurant recommendations to lunch together! Find our suggesting under the "Social Activities or Meal Together" topic in the Community tab. Even more food to explore can be found in the Documents under Additional Resources. Enjoy!";;@;;"1124395673116344322";https://twitter.com/recomb2019/status/1124395673116344322
jdidion;2019-05-03 15:03;0;1;"@ RayanChikhi presents a parallel decompression algorithm for gzip https://github.com/Piezoid/pugz @ recomb2019";;@ @;;"1124389064118034439";https://twitter.com/jdidion/status/1124389064118034439
iScience_CP;2019-05-03 10:38;1;4;"We are hiring editors with computational biology expertise for @ iScience_CP & @ CellSystemsCP . If interested, come talk to @ tonzani during @ recomb2019 @ RECOMBseq";;@ @ @ @ @;;"1124322370980859905";https://twitter.com/iScience_CP/status/1124322370980859905
gbphd;2019-05-03 09:23;0;0;"@ recomb2019 starts with @ recombseq talk on Tandem "repeat-ome"";;@ @;;"1124303382771052544";https://twitter.com/gbphd/status/1124303382771052544
johannhawe;2019-05-03 09:10;0;4;"Excited to attend this year's # RECOMB2019 in Washington, D.C. - great speakers and interesting sessions coming up! pic.twitter.com/zFlrejZLH1";;;#;"1124300221821980673";https://twitter.com/johannhawe/status/1124300221821980673
CamirRicketts;2019-05-03 08:46;1;6;"In DC for # recomb2019 pic.twitter.com/66hynS2L6v";;;#;"1124294251020464128";https://twitter.com/CamirRicketts/status/1124294251020464128
hyojungpaik;2019-05-02 19:01;9;16;"The first story of my disease trajactory was started w/ 10 millions of patients' records in CA. https://twitter.com/atulbutte/status/1114243060488187906?s=19 … The second one would be presented at # recomb2019 - https://whova.com/webapp/event/program/588299/ … @ WhovaSupport";;@;#;"1124086431083745280";https://twitter.com/hyojungpaik/status/1124086431083745280
hyojungpaik;2019-05-02 18:56;1;0;"@ atulbutte Here's our second story using milions of EMRs from S. Korea and genomic evidences. I would present it # recomb2019 Satellites Genetics. # recomb2019 - https://whova.com/webapp/event/program/588299/ … @ WhovaSupport";;@ @;# #;"1124085345170202626";https://twitter.com/hyojungpaik/status/1124085345170202626
RachidOunit;2019-05-02 12:18;3;2;"“the method generated sketches from datasets of millions of cells in a few minutes — as opposed to a few hours” # bioinformatics # rarecells # algorithms # recomb2019 # datasetshttp://news.mit.edu/2019/down-sampling-datasets-cells-0502 …";;;# # # # #;"1123985042475298816";https://twitter.com/RachidOunit/status/1123985042475298816
hajirasouliha;2019-05-02 12:14;1;14;". @ dcdanko is getting ready for his @ recomb2019 highlight talk! # recomb2019 pic.twitter.com/jabxZtRmKz";;@ @;#;"1123984193535524867";https://twitter.com/hajirasouliha/status/1123984193535524867
ivycorona;2019-05-02 08:59;0;4;"Here I go!! # recomb # recomb19 # recomb2019 # recombccb";;;# # # #;"1123935013412769792";https://twitter.com/ivycorona/status/1123935013412769792
recomb2019;2019-05-01 20:37;3;3;"Great news, the @ recomb2019 app is now online! We highly encourage you to download the app to receive last minute information, plan your day, arrange social activities, contact the organizers, and much more. Download the app here: https://whova.com/portal/rcmb_201904/?source=download_page …";;@;;"1123748194146557953";https://twitter.com/recomb2019/status/1123748194146557953
jdidion;2019-05-01 19:04;0;1;"Works for me!";;;;"1123724818518560768";https://twitter.com/jdidion/status/1123724818518560768
DCGenomics;2019-05-01 17:06;0;0;"crap, inre @ recomb2019 dinner, I now have a conflict. Perhaps coffee at 3:30 on Saturday?";;@;;"1123695213879398402";https://twitter.com/DCGenomics/status/1123695213879398402